ds,yhat,yhat_lower,yhat_upper
2013-01-01,6902300.293910406,4562697.603752494,9261672.56685049
2013-01-02,6385486.592828763,4051631.352631288,8825967.788631776
2013-01-03,6042522.035298225,3599413.527832176,8308135.6413831385
2013-01-04,6550824.695899483,4284918.409916516,8754234.366654245
2013-01-05,5611978.746879814,3152898.52969302,7756057.647959125
2013-01-06,-465023.4397566691,-2655528.8066514223,1898327.4833777212
2013-01-07,7777874.037536001,5605777.073117022,9950930.53128089
2013-01-08,6945417.390779372,4662884.242448423,9330262.98455476
2013-01-09,6507378.291181497,4272535.729781758,8764711.571282689
2013-01-10,6236451.428597957,3861611.8175895354,8449048.949261935
2013-01-11,6808931.34734584,4384830.927355946,9093318.314781515
2013-01-12,5925486.489431428,3680240.5602742867,8296382.244302529
2013-01-13,-105583.89550079778,-2342859.100094103,2286521.287043702
2013-01-14,8173314.694367546,5829519.795928957,10457892.438518807
2013-01-15,7366702.1044748835,5075770.409056844,9578786.641294872
2013-01-16,6944356.219212088,4524575.548301529,9285382.574646974
2013-01-17,6679202.49263245,4398129.42170477,8878339.593804961
2013-01-18,7247977.509438636,4980910.437891843,9296528.924022729
2013-01-19,6351984.966795289,3908632.3221178087,8668689.529891647
2013-01-20,300330.3111235369,-2085546.9922751365,2510845.7534930315
2013-01-21,8551559.37174138,6310193.345545547,10995289.71650799
2013-01-22,7711259.855508398,5338345.252589269,10078889.675394878
2013-01-23,7250363.46925069,4750714.57182776,9612537.017801741
2013-01-24,6943003.7451116145,4761628.629580427,9081755.487632759
2013-01-25,7467147.619040221,5229302.951606295,9691740.948914792
2013-01-26,6525319.995045342,4084614.8060822873,8873681.75936733
2013-01-27,427808.33754518814,-1870273.6935633626,2672321.1616213983
2013-01-28,8634273.384347921,6370264.730159374,10989100.232823148
2013-01-29,7751325.520565549,5499097.019795837,9864910.041222554
2013-01-30,7250805.16249204,4902732.195207733,9446727.340953855
2013-01-31,6907622.703157936,4556887.8386042155,9034743.503196228
2013-02-01,7400376.426531602,5209298.351383646,9667229.368956735
2013-02-02,6432067.859401813,4354358.136887135,8763340.53028911
2013-02-03,313301.70100855175,-1863215.2661330295,2545021.488634494
2013-02-04,8503896.403291743,6357278.169579607,10960220.350873895
2013-02-05,7610464.788378087,5317448.331585259,9741186.108354695
2013-02-06,7104702.7832800625,4831099.345654532,9345941.403450048
2013-02-07,6761241.445529401,4399019.920951283,9155650.61677032
2013-02-08,7258280.214548817,4941763.7253910545,9417825.685065996
2013-02-09,6298320.302554215,4038022.719070622,8562444.544393865
2013-02-10,191384.7562072063,-2122694.0763983163,2297470.770763901
2013-02-11,8396650.599863615,6190428.938317257,10783100.547183696
2013-02-12,7520051.769687769,5270871.7966432925,9776525.905834578
2013-02-13,7032590.23677442,4699280.658070356,9404620.989866793
2013-02-14,6708209.827953982,4416008.433959626,9070495.361405589
2013-02-15,7224450.05190722,4919346.45864179,9423401.555954054
2013-02-16,6283198.270294546,4023282.727428441,8668883.841053596
2013-02-17,193926.24256062228,-2076244.670673477,2371468.434114585
2013-02-18,8415336.034565385,6084502.93785454,10544544.783220183
2013-02-19,7552973.6751313545,5255770.30393227,9708339.71865638
2013-02-20,7077547.734268741,4780024.260427204,9406965.690734565
2013-02-21,6762807.214227243,4403769.104151552,9097907.668827292
2013-02-22,7286196.050629125,5055403.756807428,9425845.487025457
2013-02-23,6349602.659425487,4112941.339964521,8663949.959769001
2013-02-24,262590.7530378811,-1935661.678784931,2628704.2281303597
2013-02-25,8484036.70487482,6164619.634804531,11015662.327274617
2013-02-26,7619732.215333586,5238645.508313562,10147083.525936635
2013-02-27,7140689.891123944,4840766.414439373,9393422.101304002
2013-02-28,6821006.620567987,4656084.934763053,9002338.713597752
2013-03-01,7338502.570884326,5008416.3000918925,9572164.169012055
2013-03-02,6395454.791149065,4224810.475431468,8881745.573733924
2013-03-03,301812.1957392562,-1866537.7358951857,2629448.1834778064
2013-03-04,8516817.742417356,6171298.119368811,10538893.996601742
2013-03-05,7646597.0624014735,5342664.9995033685,10053030.720977297
2013-03-06,7162451.610281338,4883617.694132659,9512858.177402401
2013-03-07,6838711.612029126,4567666.148250432,9002141.81819253
2013-03-08,7353366.959044472,5119347.206176743,9692026.77806148
2013-03-09,6408795.272431109,4307711.3952129865,8768449.499815881
2013-03-10,314974.0634926846,-1945744.6942273693,2541164.603711657
2013-03-11,8531102.863268036,6145779.897615177,10770039.82205084
2013-03-12,7663194.543326157,5298022.0323313465,9994217.35073033
2013-03-13,7182373.770180789,4962364.9384159725,9470677.67238318
2013-03-14,6862737.658454768,4767136.395836368,9275411.345457885
2013-03-15,7381996.480066826,5315438.2969888225,9760511.117365396
2013-03-16,6442213.293485075,3935148.0800494947,8731282.583785407
2013-03-17,353029.0027915649,-1951578.5125980799,2651937.8761189315
2013-03-18,8573298.261012526,6131617.98854631,10796964.744693229
2013-03-19,7708694.953197902,5341066.418925267,10035710.389032291
2013-03-20,7230024.704200219,5043901.321310486,9449348.349277746
2013-03-21,6911098.983134295,4589421.485164899,9120765.946825886
2013-03-22,7429388.189533938,4945206.01154106,9638205.246095084
2013-03-23,6486772.148568703,4201119.76654911,8843720.58570625
2013-03-24,392774.1390126115,-2116547.3205857296,2796024.8298607157
2013-03-25,8606203.543991802,6338118.19895489,10761737.23001707
2013-03-26,7732765.609027496,5478307.035076824,10011775.529355751
2013-03-27,7243375.582165981,4990331.632730698,9730554.074329931
2013-03-28,6912031.7246677475,4652375.45828036,9483574.901504865
2013-03-29,7416464.582432318,4897937.29495338,9849531.218662878
2013-03-30,6458881.041465789,3972964.766263198,8748402.79535237
2013-03-31,349189.47182459757,-1885089.0180550844,2581618.6870770594
2013-04-01,8546631.312906789,6311862.021374001,10724324.288559051
2013-04-02,7657377.919793644,5263787.750687645,9872462.371184891
2013-04-03,7152830.345513527,4825633.206269355,9526978.207857292
2013-04-04,6807476.990931953,4513230.638782513,9058290.70749819
2013-04-05,7299527.0020593,4875438.944303806,9713277.48939142
2013-04-06,6331638.440455478,3900033.3102855897,8652650.987950603
2013-04-07,214128.04306324478,-2055982.838115728,2570227.8523246427
2013-04-08,8406588.423907189,6062415.692550724,10466805.689266266
2013-04-09,7515472.011747234,5282243.955065811,9878791.73836695
2013-04-10,7012379.828205226,4705248.053585479,9290475.537317937
2013-04-11,6671910.420230439,4302943.22966073,9132688.739247601
2013-04-12,7172287.131470655,4783828.033786604,9334216.572189998
2013-04-13,6216082.9735302385,3954407.8556512482,8552471.507712126
2013-04-14,113430.06045826152,-2113584.0107808956,2386865.0089353537
2013-04-15,8323639.516326442,6050144.406702529,10606273.108430974
2013-04-16,7452791.11506806,5171517.108295605,9781299.36329763
2013-04-17,6972030.629584296,4659264.543609368,9168263.140326863
2013-04-18,6655429.987826414,4459163.66985226,8965078.596403383
2013-04-19,7180628.121132795,5092700.210336281,9664336.754269496
2013-04-20,6249571.392128605,3920373.289999947,8514693.929295901
2013-04-21,171740.12730665226,-2236213.2993381335,2537169.4618179635
2013-04-22,8405786.676564442,6132922.287044962,10770821.988310317
2013-04-23,7557143.732499352,5202599.883680211,9882698.451104822
2013-04-24,7096340.340690369,4784408.894055806,9491089.744433917
2013-04-25,6796880.147200343,4615826.049294311,9153385.566833269
2013-04-26,7335899.228969029,5073355.204253305,9694194.830913771
2013-04-27,6414921.882011476,4224971.34125665,8915882.474730002
2013-04-28,343100.4243937237,-1831156.6684833926,2608028.6603075704
2013-04-29,8578864.024108838,6353489.432960693,10904947.811632397
2013-04-30,7727534.943926861,5420290.750838103,10099527.976338157
2013-05-01,7259649.372971894,4972450.435777868,9544082.686143532
2013-05-02,6948837.21855361,4678875.725528461,9345848.942328319
2013-05-03,7472478.129662419,5121879.478319794,9762512.859843519
2013-05-04,6532452.138250779,4318971.9979056865,8642108.218586085
2013-05-05,438371.09959298745,-1691162.1948754939,2870362.319668145
2013-05-06,8649216.147854142,6465450.582262955,11000098.6082589
2013-05-07,7770939.859032016,5383314.95146009,10186808.80785937
2013-05-08,7274770.6695181215,5036468.67916658,9541129.481026236
2013-05-09,6935074.3734855745,4753886.1867785,9257522.370629689
2013-05-10,7429990.471480393,5050186.439220754,9754943.896492438
2013-05-11,6462162.3122308375,4428376.252208098,8855641.421838108
2013-05-12,341947.7745051356,-2005655.36157651,2647556.570746552
2013-05-13,8529036.293830715,6315472.451227563,10888064.899170928
2013-05-14,7630031.5020156745,5447006.143090762,9876199.43991515
2013-05-15,7116737.5820807945,4764633.444433428,9297464.752087694
2013-05-16,6764004.67528012,4462435.786837915,9002077.583111744
2013-05-17,7250351.572666971,5018342.739451904,9612881.423326492
2013-05-18,6278685.024237999,3965391.9105846463,8663787.938736327
2013-05-19,159502.72573922668,-1955952.588599554,2418266.7987843673
2013-05-20,8352506.01117032,6099635.16508146,10760688.664106093
2013-05-21,7464181.648764611,5301569.063071732,9880977.274244951
2013-05-22,6966090.873122373,4567757.34317736,9231459.74368724
2013-05-23,6632720.921179589,4205396.799134522,8876633.679726277
2013-05-24,7142117.137515698,5016665.38789122,9381800.309057748
2013-05-25,6196614.722943105,4007877.9225027156,8530983.6944468
2013-05-26,106056.84035366215,-2146101.013823116,2354039.043723015
2013-05-27,8329424.686322497,6216908.099572387,10768443.810605552
2013-05-28,7472438.441711085,5201769.286559325,9682594.836411923
2013-05-29,7005866.700802637,4812039.401591403,9303550.606681004
2013-05-30,6703399.079137981,4240196.381400261,9085505.640263505
2013-05-31,7242299.4803203335,4885065.310094689,9576585.50273381
2013-06-01,6324158.508856101,4032801.322864873,8736230.098280044
2013-06-02,258131.173742651,-1976171.3602311213,2679953.6423984277
2013-06-03,8502584.950224133,6139196.932603498,10775347.479113419
2013-06-04,7662716.6237325985,5330194.21524427,9939318.326814888
2013-06-05,7208875.083897406,4870589.907084742,9516711.634146255
2013-06-06,6914444.412153927,4447088.401521842,9241008.55072528
2013-06-07,7456504.468652869,5044450.357656023,9827766.860827643
2013-06-08,6536587.282776723,4376104.35761216,8794795.473425385
2013-06-09,463915.3023756072,-1890599.1422387094,2772998.514515916
2013-06-10,8697046.58039124,6543028.020567141,10986417.76499445
2013-06-11,7841485.426783982,5716843.841940867,10194729.480653618
2013-06-12,7367995.893498177,4799112.5232037585,9685639.670310613
2013-06-13,7050472.720972623,4688804.263993964,9306874.901215797
2013-06-14,7566587.315921135,5438236.016172886,9886710.734656079
2013-06-15,6618527.494383222,4289208.752795632,8876226.286774814
2013-06-16,516217.5304119494,-1997226.9612573509,2945098.0558544374
2013-06-17,8718944.113185663,6336262.3563065985,11033181.25841976
2013-06-18,7832947.289045199,5472145.423786081,10329268.297325946
2013-06-19,7329714.313576581,4973349.168158681,9328543.211888025
2013-06-20,6983831.5911908625,4621909.747046844,9384450.528694263
2013-06-21,7473612.797873148,5202655.061366733,9820818.963394945
2013-06-22,6501822.407701492,4350093.480571316,8651365.80822296
2013-06-23,378881.5984245036,-1827298.1259542624,2605187.1899539237
2013-06-24,8564482.508609945,6172159.064261512,10808034.29679347
2013-06-25,7665170.21807703,5326024.154413472,10035542.004405187
2013-06-26,7152630.589607532,4931163.703006096,9449175.510119434
2013-06-27,6801539.274280224,4363952.663452913,9167720.617936013
2013-06-28,7290190.009535113,4948772.715975181,9584982.626437023
2013-06-29,6321221.3750039125,4134407.777314112,8638621.651329322
2013-06-30,204828.8355281381,-2243904.831814427,2321978.3842242435
2013-07-01,8400387.816590138,6155905.432643521,10801064.224629674
2013-07-02,7514046.884507892,5191372.674986987,9731949.12118429
2013-07-03,7017028.793896105,4732277.004177191,9304159.209580524
2013-07-04,6683494.29046668,4414130.254397651,8847334.982285237
2013-07-05,7191186.33266454,4700456.420231218,9522392.985564927
2013-07-06,6242173.408825557,3892885.199984371,8303374.714289278
2013-07-07,146078.28024340887,-2199914.5088747237,2373493.0691958577
2013-07-08,8361717.399199104,5840504.291040503,10775747.294844832
2013-07-09,7494709.593656963,5379119.143682543,9876679.699602164
2013-07-10,7015791.343779166,4762140.9324464295,9506296.92515487
2013-07-11,6698693.131978398,4330108.176936763,8988407.564217577
2013-07-12,7220794.191958147,4935945.046279107,9345447.250632843
2013-07-13,6283874.058129162,4028048.928898458,8647818.041031158
2013-07-14,197347.04585104063,-2199496.528179321,2522325.4879225795
2013-07-15,8419904.7905396,6083429.532597142,10617587.992590468
2013-07-16,7557125.399918058,5426671.682552914,10079046.511171602
2013-07-17,7079786.5884404285,4910896.54959643,9421110.246079495
2013-07-18,6761737.400460076,4550882.920216135,9013628.339322498
2013-07-19,7280546.047414656,4997641.74345629,9491303.756661562
2013-07-20,6338242.528700752,4099553.770860691,8682296.804461904
2013-07-21,244542.49316223897,-1985923.595881355,2400629.5276463977
2013-07-22,8458477.845604433,6163023.798801012,10617757.097305387
2013-07-23,7585993.062356679,5284373.42529956,9799342.55130304
2013-07-24,7098245.019428134,4818033.422013137,9386367.102127863
2013-07-25,6769461.381268389,4498228.737935544,8993480.772675918
2013-07-26,7277575.512205181,4977248.804559177,9519467.496039439
2013-07-27,6324956.997213438,3839184.1982768443,8625458.179187607
2013-07-28,221624.61352084763,-1955186.8279672158,2527112.281044341
2013-07-29,8426867.597937537,6037910.680845233,10560485.177108124
2013-07-30,7546834.459061977,5165556.0705458205,9787085.75317244
2013-07-31,7052827.359530054,4774680.541737604,9503118.996781295
2013-08-01,6719075.342360114,4505036.279511084,9148324.905946149
2013-08-02,7223614.067565058,4910373.93732825,9407868.904235939
2013-08-03,6268771.890997944,3807107.0201320336,8473962.712836416
2013-08-04,164468.30633041076,-2045403.019789785,2523019.38143379
2013-08-05,8369840.817942315,6156869.608684949,10707649.959042804
2013-08-06,7490841.203277635,5307284.809705351,9686888.508072564
2013-08-07,6998538.911645336,4833679.443805508,9275991.652211959
2013-08-08,6666986.471417331,4359148.020468069,8958211.70863062
2013-08-09,7173864.574933554,4806571.7101944,9491742.879064351
2013-08-10,6221225.53177173,3820128.851388977,8673822.169512678
2013-08-11,118721.44494005945,-2064515.1171358468,2369515.926833683
2013-08-12,8325242.392301937,6159251.8663878115,10548739.266740795
2013-08-13,7446523.246157378,5294638.92387006,9631876.636028064
2013-08-14,6953456.503225138,4704995.804204857,9197066.054057779
2013-08-15,6619965.659855674,4539477.938904422,8796716.27165594
2013-08-16,7123656.514539442,4992536.29483809,9452255.635624478
2013-08-17,6166564.859056692,4005017.032499965,8393577.007185379
2013-08-18,58386.75063913595,-2167179.471364876,2440390.6745793126
2013-08-19,8258116.55701066,5808777.030822895,10507650.891787816
2013-08-20,7371651.392034915,5090812.1240882985,9726544.499669192
2013-08-21,6870099.37567259,4572550.826174292,9030475.696565295
2013-08-22,6527646.38851749,4233968.070459587,8845411.370547725
2013-08-23,7022198.909411246,4720434.597165081,9281674.202776648
2013-08-24,6056121.66834158,3536917.0882875584,8419156.984874869
2013-08-25,-60543.36752862483,-2402643.070606305,2101614.127859342
2013-08-26,8131548.889720034,5691237.221917983,10318607.617112897
2013-08-27,7238638.452681877,5011836.190814097,9616187.899151342
2013-08-28,6732155.842608151,4415069.2914907895,8975580.207722425
2013-08-29,6386576.5565950945,4169047.561282762,8887749.571642684
2013-08-30,6880052.432231899,4581970.5156312715,9329504.783390848
2013-08-31,5915038.466024899,3530909.426004239,8134139.950963398
2013-09-01,-198195.12588032335,-2318237.689050635,2104150.463510492
2013-09-02,7999754.480852509,5712648.300234799,10304506.64915203
2013-09-03,7115110.524214454,4886441.229098379,9513516.668585999
2013-09-04,6619210.03392859,4176834.0863450835,8792475.648443658
2013-09-05,6286358.588567708,4079668.7748959307,8409772.172484295
2013-09-06,6794464.50855137,4327333.306190987,8991852.39107427
2013-09-07,5845771.582505719,3580630.620595423,8179279.733154638
2013-09-08,-249922.90583258774,-2293020.0704039563,1923373.0923768724
2013-09-09,7966360.836449305,5754320.587937459,10111196.969370952
2013-09-10,7100384.12653902,4863287.376509802,9381171.276317585
2013-09-11,6622996.538766791,4142576.918461767,9037233.083219057
2013-09-12,6308005.184665493,4103145.5799144194,8684535.185565716
2013-09-13,6832824.15687773,4344117.886286945,9349099.892592344
2013-09-14,5899222.761745167,3506595.7580306074,8098249.17467773
2013-09-15,-183441.18040780723,-2428452.112416327,1982992.6129564117
2013-09-16,8043422.22887411,5748200.934064292,10370809.803107029
2013-09-17,7185247.331658167,4794634.071473172,9485834.304127641
2013-09-18,6712631.350229453,4561201.355455821,8915362.049958298
2013-09-19,6399213.32048878,4106011.0094148745,8619104.963012058
2013-09-20,6922330.7924763905,4608483.505408062,9046375.58383239
2013-09-21,5983772.645126139,3737957.6174358674,8246662.194981219
2013-09-22,-106985.90497109294,-2497447.9393348843,2193198.667657513
2013-09-23,8108858.982233642,5849523.92313966,10461063.493898012
2013-09-24,7237047.848763631,5014809.416883686,9546996.806399427
2013-09-25,6748569.150375484,4504017.534481309,8941453.789299712
2013-09-26,6417528.191607685,4148078.4467141046,8705552.220849292
2013-09-27,6921791.306184579,4538495.86122865,9350273.33273869
2013-09-28,5963723.966747857,3693615.6893805163,8268356.647429387
2013-09-29,-146590.68805145752,-2314476.8792902017,2108659.895695574
2013-09-30,8049918.702454049,5843427.085044958,10471337.281987367
2013-10-01,7159963.062089156,4788964.2631069925,9424343.228144351
2013-10-02,6655123.460207287,4406597.77367294,9018541.305499574
2013-10-03,6310055.536915389,3950419.028049503,8595003.813598575
2013-10-04,6803116.146945876,4505419.139691863,9088281.758183938
2013-10-05,5837085.405264871,3461621.1099810293,8217567.927706753
2013-10-06,-277628.85569967516,-2524737.793759466,2000229.6967116047
2013-10-07,7918621.809156233,5655735.978241906,10240342.686413636
2013-10-08,7032307.231586165,4792739.423679016,9435418.044027435
2013-10-09,6535005.5044260565,4346235.613750475,8864583.743678793
2013-10-10,6201251.35303117,4062376.683642657,8587028.994318344
2013-10-11,6709164.23537745,4438995.761744191,8943964.509395303
2013-10-12,5761175.439630359,3484951.8932753527,7692733.225809612
2013-10-13,-332758.88750141487,-2451344.2614059807,2135834.207432146
2013-10-14,7886467.058732817,5599993.746559663,10045479.71231711
2013-10-15,7024704.464068883,4741576.002991909,9240724.683302937
2013-10-16,6552854.376551484,4268617.339202255,8834890.211661004
2013-10-17,6244735.869010671,3994958.685541478,8477842.74461628
2013-10-18,6777735.565432178,4513177.621566466,9124810.893742602
2013-10-19,5853557.191430868,3635480.0896739266,8264692.997255676
2013-10-20,-218542.57073550485,-2369251.232197471,2088418.3537735122
2013-10-21,8019893.242048092,5408157.996922929,10233384.204149606
2013-10-22,7174139.136946179,4815517.568409145,9306317.54866693
2013-10-23,6714611.535668513,4461108.541783963,9004104.436486185
2013-10-24,6414754.543080754,3959644.09982136,8515621.453757823
2013-10-25,6951704.218208071,4586800.315162571,9291823.29292747
2013-10-26,6027049.501617387,3699978.479109627,8370272.5484890975
2013-10-27,-49924.33843756281,-2331327.651433567,2133014.9389033015
2013-10-28,8179415.106759688,5881673.843664591,10444791.68739542
2013-10-29,7320663.8320914395,5197438.985097254,9754663.109683324
2013-10-30,6844174.718360792,4634186.040091312,9047579.98539486
2013-10-31,6524511.341778771,4237563.892451023,8813877.26516987
2013-11-01,7039520.922548395,4797436.373868242,9415608.739161547
2013-11-02,6091603.504167895,3910308.636314393,8456528.726298817
2013-11-03,-9065.685012727976,-2433895.8989607994,2104101.0719102165
2013-11-04,8197090.543644855,5951558.419184837,10391741.832286905
2013-11-05,7316641.409837152,5055188.854620618,9709112.477814563
2013-11-06,6821439.31039232,4598103.029829186,9006544.715744987
2013-11-07,6486467.130176671,4173740.5952543216,8700657.991872573
2013-11-08,6990459.7882894,4923129.816200652,9463290.722598383
2013-11-09,6036619.283177811,3845297.36297278,8282075.98870228
2013-11-10,-64189.67681602482,-2413824.753217506,2171357.4105270687
2013-11-11,8148162.696374427,5996037.75128651,10477396.486677604
2013-11-12,7280639.998930482,4859212.543628947,9558721.377539143
2013-11-13,6805313.169922594,4659151.849286089,9036571.129746618
2013-11-14,6497194.499841422,4289259.493506598,8896368.936382568
2013-11-15,7034850.654033479,4790927.600202897,9354569.428030156
2013-11-16,6121114.322725825,3873881.0605177353,8379907.595436737
2013-11-17,66281.79923808575,-2255570.42525714,2251613.200092678
2013-11-18,8329722.712715117,6061428.664425279,10630148.701534143
2013-11-19,7517461.461938361,5222063.118979922,9856904.58624133
2013-11-20,7100468.578698076,4877629.737261202,9438832.86719815
2013-11-21,6852517.327084326,4708844.751478623,9190515.520162722
2013-11-22,7450823.583225053,5146834.761781366,9841001.327509537
2013-11-23,6596787.989235673,4475671.806963689,8771697.967869706
2013-11-24,599226.9549890794,-1693499.8428622095,2909077.8224088596
2013-11-25,8916017.918663086,6494451.644209305,11040784.33102043
2013-11-26,8151717.526612675,5792386.843094271,10387937.331783714
2013-11-27,7775890.030022943,5402299.271104054,10061922.568618828
2013-11-28,7561000.251513742,5223173.042914354,9897630.910025723
2013-11-29,8182834.161492514,5859316.902426335,10688975.746538188
2013-11-30,7342035.417905807,5096186.393061084,9792760.964738373
2013-12-01,1346603.0161330123,-904809.7377956472,3557416.772746264
2013-12-02,9653815.231853843,7278834.859628946,12004558.326030497
2013-12-03,8867867.547842717,6535218.724398108,11028809.658382323
2013-12-04,8458215.346334085,6229069.628376565,10736650.126613997
2013-12-05,8197475.284194414,5784845.9303945815,10440055.759570308
2013-12-06,8762102.15647751,6470851.549394424,11005661.7982998
2013-12-07,7853159.188369532,5658750.008145049,10259591.670905275
2013-12-08,1779567.4907498686,-618403.5120873374,4167282.4445985793
2013-12-09,9999759.488931652,7771607.961211695,12207298.129597744
2013-12-10,9119294.642343415,6730120.550935844,11532916.491061358
2013-12-11,8609174.6754552,6275940.6366061345,10877732.292177416
2013-12-12,8243712.869128128,5889572.19243925,10496987.40052514
2013-12-13,8701174.97204059,6483301.461791289,10942991.782874279
2013-12-14,7684510.527823592,5344760.928692039,10051186.071497455
2013-12-15,1504561.2896424718,-769107.905930594,3788944.7741757985
2013-12-16,9621672.525442485,7380247.2752417335,11798280.68772549
2013-12-17,8643266.554659445,6265179.776742029,10788499.093265211
2013-12-18,8042116.766244752,5778008.857658858,10298265.395318778
2013-12-19,7594177.672737174,5400618.927093693,10037218.124507071
2013-12-20,7979189.519039586,5724390.6440825015,10350229.120803664
2013-12-21,6901377.126041489,4572969.080069927,9262109.413473284
2013-12-22,672630.4310145639,-1712155.6127964894,2895874.580904513
2013-12-23,8754093.200479027,6309978.414380295,11076315.989703152
2013-12-24,7753719.796855332,5591287.607172822,10043515.861685652
2013-12-25,7144538.640875452,4850467.0604854645,9268770.321855934
2013-12-26,6702478.160586192,4522800.651650037,9012141.955019524
2013-12-27,7106973.818032458,4764560.779945212,9462785.088570682
2013-12-28,6061675.803791219,3589972.4616614087,8498664.193208553
2013-12-29,-122492.30789354071,-2305500.6902371286,2050444.082891645
2013-12-30,8014686.709177837,5702851.567691193,10194765.20437063
2013-12-31,7079895.783759441,4731958.232110625,9386411.999777332
2014-01-01,6544714.510088472,4347866.001519085,8816429.301747708
2014-01-02,6183479.447231137,3957137.7976614763,8344209.253196807
2014-01-03,6673928.389024938,4253301.068919222,9041528.79819062
2014-01-04,5717947.2564697135,3283512.8871345934,8133135.349004318
2014-01-05,-375194.1566949701,-2482739.0612328746,2048679.7024518559
2014-01-06,7852807.492534358,5593073.586987556,10043105.88633745
2014-01-07,7006911.0552128125,4598367.0353339175,9284069.873289151
2014-01-08,6557062.153296261,4203624.708404957,8831566.396420425
2014-01-09,6276087.8686271375,4086986.145248056,8512988.42588278
2014-01-10,6840371.775764762,4520702.879750419,9091916.833199263
2014-01-11,5950627.2734437,3700776.108720911,8297777.768900521
2014-01-12,-84845.13081047777,-2456894.359445349,2245522.1202410697
2014-01-13,8191508.051690241,5875641.434737125,10468186.415759262
2014-01-14,7384125.804046045,5138008.289267861,9597856.638345849
2014-01-15,6962668.630327551,4541579.730807721,9163201.414057555
2014-01-16,6699912.220066521,4367669.078592662,9050990.107570542
2014-01-17,7272415.820751852,5132411.3688786905,9624976.768508408
2014-01-18,6381283.567813221,4080005.9935506093,8612204.38562366
2014-01-19,335404.854529134,-2088797.4148352316,2612850.3239999227
2014-01-20,8593098.924929468,6482238.734374447,10899980.8343118
2014-01-21,7759722.392540785,5542368.9046234125,9968585.880600475
2014-01-22,7305977.292624775,5141259.185111177,9845653.367126135
2014-01-23,7005774.589598054,4637753.172870954,9436373.3067905
2014-01-24,7536871.047302583,5261261.742170499,9891864.689407088
2014-01-25,6601598.565693164,4136476.0073924894,8811227.215879384
2014-01-26,510072.9146678494,-1904199.1585165118,2801799.988688386
2014-01-27,8721807.866161121,6508286.583043275,10904635.701224247
2014-01-28,7843288.488166489,5488785.115809996,9964353.248798981
2014-01-29,7346270.43737386,4955477.152361166,9826850.793285983
2014-01-30,7005603.714028547,4618230.872003391,9429091.075244641
2014-01-31,7499856.355521835,5103571.582421382,9698820.89803095
2014-02-01,6532029.028871874,4248888.511503815,8645169.60409818
2014-02-02,412753.4232096039,-1837930.6322976917,2588486.40403058
2014-02-03,8601900.579840273,6383791.677364411,10802052.731638907
2014-02-04,7706158.637067166,5353155.163281198,10104286.033175344
2014-02-05,7197318.173207525,4726566.868684277,9423429.858172916
2014-02-06,6850120.436482447,4682981.019670193,9241037.467528729
2014-02-07,7342886.5209132,5136809.2067257585,9630955.238980107
2014-02-08,6378246.53006043,4049261.01625346,8688785.074112596
2014-02-09,266355.38966556545,-1981076.0189239539,2628125.074778979
2014-02-10,8466520.846024215,6115687.951468004,10782087.398961442
2014-02-11,7584802.479071211,5256484.36608117,10045930.755444614
2014-02-12,7092319.238130193,4893070.502629924,9518720.808174057
2014-02-13,6763120.105426205,4462807.76682913,9030481.501392856
2014-02-14,7274835.276202634,5109408.779932437,9528811.260337414
2014-02-15,6329426.25825014,4119883.5812464445,8634863.104349012
2014-02-16,236420.96389430296,-2096813.7500343372,2505332.7529697344
2014-02-17,8454558.808353908,6001300.900269869,10650176.451693794
2014-02-18,7589404.202189067,5367743.172918874,9785965.536441915
2014-02-19,7111665.595197344,5021054.895563543,9453796.534181021
2014-02-20,6795074.427182377,4506431.001603456,9041268.132022042
2014-02-21,7317041.229474638,5176260.744415409,9532909.195884787
2014-02-22,6379407.243845162,4057949.213198659,8866421.363311386
2014-02-23,291677.70001042075,-1960963.6447389284,2677605.501101374
2014-02-24,8512661.938272381,6164130.235451162,10724022.735863907
2014-02-25,7648079.029891609,5351232.75414828,9987092.674979664
2014-02-26,7168866.40350411,4749959.568894462,9546301.651981303
2014-02-27,6849046.254530828,4524452.195830231,9165244.096845351
2014-02-28,7366367.462457838,4857749.954577447,9722871.233183231
2014-03-01,6423041.901174619,4023187.1493751295,8701204.38060411
2014-03-02,328961.8311896995,-2036977.4284224946,2657293.689266976
2014-03-03,8543324.110389369,6124430.232131391,10663557.732345186
2014-03-04,7672220.417896302,5460606.313746772,9925158.165040646
2014-03-05,7186931.511756177,4784654.465524833,9514836.880748648
2014-03-06,6861780.768093178,4604661.3861160595,9202395.178641846
2014-03-07,7374765.1366331,5012023.177787818,9652048.27060341
2014-03-08,6428282.741518638,4001115.0624139393,8713614.400521627
2014-03-09,332344.0758306766,-2189348.1041526506,2602469.641895497
2014-03-10,8546192.701208578,6309605.331627467,10938824.54309687
2014-03-11,7675894.729220958,5450967.236646856,10137637.6258355
2014-03-12,7192635.093311922,4987079.304756687,9497198.257282592
2014-03-13,6870575.755632774,4678741.56912796,9056204.872993382
2014-03-14,7387493.7919829255,5376815.727789088,9711669.90420301
2014-03-15,6445518.311507146,4221379.444558761,8596607.200526722
2014-03-16,354352.8156215036,-1998571.9051076565,2680256.9859548872
2014-03-17,8572908.504720252,6292066.9931760505,10814441.280634614
2014-03-18,7706907.359012666,5380896.616578341,10181819.734976374
2014-03-19,7227192.5222939495,4987905.9737277515,9625605.074580813
2014-03-20,6907600.635942153,4376809.329847294,9179441.449837206
2014-03-21,7425613.57114788,5263229.601290444,9722561.560784614
2014-03-22,6483108.036610918,4104408.2854167856,8806414.245136706
2014-03-23,389589.2197324615,-1887336.5595233159,2672051.2817108496
2014-03-24,8603833.569350433,6173138.04199802,10955029.218770197
2014-03-25,7731499.205979306,5399894.834995893,9980043.557670927
2014-03-26,7243441.217923502,4832194.023513906,9660751.04411148
2014-03-27,6913586.299610956,4819564.0868612155,9217129.854453903
2014-03-28,7419584.074324185,5162039.362809676,9716876.332331011
2014-03-29,6463553.562179246,4051641.6493577873,8524512.92787534
2014-03-30,355311.0241925027,-1887204.8377245786,2502590.934216962
2014-03-31,8554004.450190661,6316348.036100317,10845405.012583619
2014-04-01,7665713.420439906,5295574.932635978,10033765.128189256
2014-04-02,7161751.9167803675,4744477.98179127,9472769.874974886
2014-04-03,6816528.923416718,4762765.773407596,9162781.66378486
2014-04-04,7308184.5961545855,5131153.837381268,9690181.04976807
2014-04-05,6339320.937681341,3987355.6760102506,8540939.162084153
2014-04-06,220213.7111809207,-2076684.6888416703,2474186.7130189463
2014-04-07,8410431.371433754,6207657.195251413,10782494.618265372
2014-04-08,7516420.246954956,5267183.900506617,9833282.558797397
2014-04-09,7009794.031051325,4660634.000648641,9274405.993107112
2014-04-10,6665182.865488234,4386981.5963955335,8785369.75228456
2014-04-11,7160860.188081462,4958615.849190052,9459460.353851665
2014-04-12,6199466.609151921,3832140.61307904,8444880.627493927
2014-04-13,91217.80216239486,-2068161.7161353903,2544645.8603197853
2014-04-14,8295522.35708627,6100700.03111852,10608469.30103873
2014-04-15,7418568.910239213,5002672.989464991,9556153.088272272
2014-04-16,6931620.596864444,4791562.970153291,9303674.819406662
2014-04-17,6608872.005342277,4284984.920614948,8874119.973252002
2014-04-18,7128086.610269186,4855053.528174772,9758163.382329373
2014-04-19,6191333.669924101,3797315.7587809227,8493548.574949758
2014-04-20,108211.21716294624,-2166469.8422657344,2535788.2453286033
2014-04-21,8337480.669755727,5958226.216406379,10552139.125275765
2014-04-22,7484671.896660147,5086950.740551763,9724932.46003201
2014-04-23,7020396.268906052,4902998.038602487,9391572.17352245
2014-04-24,6718222.33135791,4247316.166661463,9019119.974446377
2014-04-25,7255331.520986738,4926941.002244464,9354298.206699854
2014-04-26,6333272.373002511,4048038.271916005,8624494.305504235
2014-04-27,261199.32342493348,-2025775.0694748175,2638395.0007900014
2014-04-28,8497521.153337868,6113493.32893782,10880567.036138555
2014-04-29,7647517.484053915,5462540.239554613,10101386.23408795
2014-04-30,7181660.491810581,4962016.58625993,9228774.301627306
2014-05-01,6873496.196832366,4464409.00087547,9172791.669477303
2014-05-02,7400302.556655394,4961810.701401547,9543196.399812065
2014-05-03,6463842.703668454,4132135.8468712433,8508614.953600021
2014-05-04,373599.4299046537,-2018912.46648296,2716856.1631742097
2014-05-05,8588416.056419969,6488433.259190265,10873945.925092038
2014-05-06,7714102.283658704,5202559.637235422,9908670.408295348
2014-05-07,7221742.469154177,5071908.01829351,9607942.80879365
2014-05-08,6885561.046770676,4570304.021402869,9155643.021331117
2014-05-09,7383562.7499818625,4991383.941606346,9584186.32772437
2014-05-10,6418266.471325933,4101411.9256617967,8669054.434367588
2014-05-11,299919.3994586235,-1985637.743224245,2722478.2347400645
2014-05-12,8488117.140340075,6055731.7598539,10810809.913375396
2014-05-13,7589389.00165665,5219300.190990561,9893958.051220205
2014-05-14,7075486.467791581,4928063.97159462,9443244.693191808
2014-05-15,6721230.140383865,4213742.718676352,8842095.355668219
2014-05-16,7205133.33259074,4947057.505156066,9580713.59352161
2014-05-17,6230121.623393838,3835529.3162357616,8603502.553671412
2014-05-18,106735.42361868173,-2116583.9247713597,2505971.3069123775
2014-05-19,8294741.592784187,5911208.142364786,10372237.140136493
2014-05-20,7400713.533437114,5091628.244077435,9641262.11088659
2014-05-21,6896317.942998392,4687294.723532226,9396981.950479345
2014-05-22,6556163.554084974,4234731.292370092,8849213.668005738
2014-05-23,7058430.006427343,4491073.183406294,9399305.472605824
2014-05-24,6105596.014911574,3837407.125654809,8262744.438175926
2014-05-25,7653.647415361367,-2236116.6950115464,2219108.8721493767
2014-05-26,8223734.427690554,5937892.519654448,10405710.598921986
2014-05-27,7359706.286812268,5043490.45561954,9701524.630220138
2014-05-28,6886479.074481198,4673061.897087841,9266837.81784138
2014-05-29,6577873.436830996,4377008.805966769,8748625.618323551
2014-05-30,7111270.647046171,4852938.290688819,9455777.28295348
2014-05-31,6188361.967263572,4037435.5753759495,8418979.570247704
2014-06-01,118383.76960101351,-2266070.3396496736,2474866.684515153
2014-06-02,8359763.555017579,6028243.760879731,10742886.274008457
2014-06-03,7517735.345296459,5249592.251689004,9947926.693512466
2014-06-04,7062661.654486556,4859102.681439956,9323660.169437805
2014-06-05,6767916.401142234,4430492.611265367,8834660.776704011
2014-06-06,7310545.968197089,5010425.572755565,9788145.174286895
2014-06-07,6392026.695926362,3979663.234351833,8590651.666880451
2014-06-08,321504.8283220725,-2017733.5223111792,2639470.990462377
2014-06-09,8557443.938728245,6283149.358152197,10932823.69043391
2014-06-10,7705238.295672764,5495809.60216454,9993539.693444801
2014-06-11,7235529.45617875,5015379.447053923,9527471.651209489
2014-06-12,6922080.624934891,4564440.622309475,9159487.2372037
2014-06-13,7442426.249760163,5228077.491839329,9661754.266501123
2014-06-14,6498615.484636069,4172717.959749381,8819930.166851755
2014-06-15,400435.95446880534,-1935277.7653721417,2798108.634406344
2014-06-16,8607043.320798425,6486520.191659619,10987421.717474964
2014-06-17,7724555.624396882,5387948.1234775605,10160096.953407427
2014-06-18,7224350.236762203,4856868.784062513,9555360.716890488
2014-06-19,6880918.5149261,4550807.283445322,9225469.32295311
2014-06-20,7372496.183231474,4943496.546956044,9642717.11854692
2014-06-21,6401788.605734164,4050901.6812806153,8674451.864456581
2014-06-22,279177.88197734486,-1898378.262981891,2749009.7831326895
2014-06-23,8464337.713768877,6212006.533380805,10823038.72173206
2014-06-24,7563815.4062230885,5326897.616001136,9853129.051522305
2014-06-25,7049319.149839469,4764257.273211427,9523652.929531083
2014-06-26,6695565.912057842,4432137.170056887,8892214.444237009
2014-06-27,7180908.108570246,4803594.424238988,9503964.820945615
2014-06-28,6208058.276083119,3821685.5810923357,8388552.250910237
2014-06-29,87298.64359883498,-2103779.7277318593,2288402.644433505
2014-06-30,8278101.427956914,6083071.480534546,10629731.57465689
2014-07-01,7386719.00913699,5271448.274209308,9550318.053266635
2014-07-02,6884481.847335868,4526208.079371545,9046328.579178756
2014-07-03,6545659.117449978,4202725.137905252,8980549.731331883
2014-07-04,7048099.822250161,4570069.561688391,9420239.485218491
2014-07-05,6093973.151487864,3709678.7954877396,8510863.731176024
2014-07-06,-7005.497775123455,-2378681.680308495,2361784.4586332175
2014-07-07,8204062.486390999,5916622.509656565,10473993.846240368
2014-07-08,7332865.583329009,5144791.0952819465,9710900.809534771
2014-07-09,6850195.815563669,4563051.750675526,9030822.499349387
2014-07-10,6529823.969510386,4223506.635527616,8847273.707006106
2014-07-11,7049153.710771205,4581778.1490860805,9416663.268989371
2014-07-12,6109973.004207723,3825227.986175563,8446454.669359267
2014-07-13,21688.96227732394,-2174575.6826143805,2259344.2534958827
2014-07-14,8242971.2278991295,5894909.580118279,10464085.586186394
2014-07-15,7379362.408903416,4916707.475661257,9505515.838875098
2014-07-16,6901592.883846185,4648332.783916555,9330314.831702776
2014-07-17,6583454.524381041,4310568.34288079,8652587.965932358
2014-07-18,7102450.788878408,4867922.007186006,9293054.062988548
2014-07-19,6160541.7795500085,3692313.0779113867,8415677.22774947
2014-07-20,67370.63750202768,-2176856.398693053,2423622.1074784966
2014-07-21,8281896.6962205935,6030742.597320659,10663762.86729208
2014-07-22,7409994.274311298,5174208.311217302,9689840.232696947
2014-07-23,6922754.830839742,4537935.408065533,9217082.161398806
2014-07-24,6594347.457271215,4127581.488714186,9083558.819054136
2014-07-25,7102655.60258587,4961525.978432831,9452980.219282707
2014-07-26,6150009.062140011,3787430.90163574,8448008.91489025
2014-07-27,46398.02885808889,-2224678.1521653,2247818.39708426
2014-07-28,8251095.227886204,6014220.015912462,10675790.3324866
2014-07-29,7370244.330906464,5063061.725023485,9654648.883850386
2014-07-30,6875154.748172086,4678794.838234655,9139327.195581479
2014-07-31,6540155.935912559,4033650.3717715703,8870147.907006672
2014-08-01,7043230.321826601,4769042.071812875,9320954.169341838
2014-08-02,6086743.768347729,3904387.5997629156,8561332.391968358
2014-08-03,-19339.60878683068,-2384645.1422728547,2256627.069819391
2014-08-04,8184167.489779564,5956181.289708301,10558063.7538653
2014-08-05,7303269.692367222,5166829.559747981,9484296.136096176
2014-08-06,6809090.138382832,4507093.682660597,9082847.522087915
2014-08-07,6475733.647193057,4244657.032913627,8984792.62260538
2014-08-08,6980929.622478961,4721958.584499282,9251329.5164191
2014-08-09,6026773.459256094,3669394.3258814947,8245755.4597454695
2014-08-10,-77047.11988517828,-2254109.745262223,2240793.817767126
2014-08-11,8128384.549075472,5960691.110977269,10458408.379259177
2014-08-12,7248819.651109973,5030442.183494852,9592336.330160564
2014-08-13,6755155.855961696,4346772.8806495825,8949255.441227661
2014-08-14,6421310.232692035,4286008.445911985,8611353.046551123
2014-08-15,6924870.517215404,4706586.878502559,9249389.948621426
2014-08-16,5967843.198149894,3691390.612494932,8368175.613393817
2014-08-17,-140115.3959467439,-2275562.07840951,2222257.691058488
2014-08-18,8059940.159892293,5706062.623361034,10493997.385853715
2014-08-19,7173850.392739039,4817435.4158205725,9411219.507212175
2014-08-20,6672661.070748279,4363607.860090885,8963212.09440916
2014-08-21,6330492.084468185,3934464.085357566,8670771.359664753
2014-08-22,6825182.589398153,4444979.448429684,9171492.629118068
2014-08-23,5859031.065399495,3672073.460304545,8233756.025026938
2014-08-24,-257983.26990458928,-2479872.0702138185,2099777.3848422477
2014-08-25,7933427.7880789,5697798.234134889,10164565.210818127
2014-08-26,7039455.457115222,4778764.09450064,9358067.367362706
2014-08-27,6531889.316424582,4076042.0671268045,8743456.994988332
2014-08-28,6184780.193751217,3965621.7017318187,8396387.08557623
2014-08-29,6676266.17184861,4358307.872288737,9020493.799269479
2014-08-30,5708903.169306686,3234531.998779533,8090706.252321372
2014-08-31,-407124.24116550107,-2756564.2269387534,1946225.1550823406
2014-09-01,7787616.32121675,5481729.853360788,10114270.280189686
2014-09-02,6899391.811934703,4684019.031073746,9238546.489758538
2014-09-03,6399596.202562867,4196780.803876081,8746608.99472107
2014-09-04,6062603.843177263,3868279.611216852,8270786.733876232
2014-09-05,6566401.838743375,4301964.758445457,8977352.747071503
2014-09-06,5613320.58702833,3263388.5883404394,7955373.802931154
2014-09-07,-486750.69193056226,-2688670.953028706,1776811.61108652
2014-09-08,7725262.325657884,5404054.582409313,9917963.215530854
2014-09-09,6855215.197380306,4547380.823523968,9177744.214888806
2014-09-10,6374048.499162767,4068177.712012945,8672471.050999595
2014-09-11,6055654.186148011,3698377.3251592293,8404549.366472911
2014-09-12,6577522.23997366,4380341.621277698,8970558.54829895
2014-09-13,5641486.318832891,3182013.484342473,7913367.123486473
2014-09-14,-443045.2253473578,-2760918.8865667433,1912114.8365025984
2014-09-15,7782552.31250935,5610200.598808379,10114284.009708729
2014-09-16,6923730.896917108,4711358.881138989,9154275.513251765
2014-09-17,6451087.230021388,4247347.041177969,8795304.624117466
2014-09-18,6138241.267608492,3894618.2017097496,8419947.841056572
2014-09-19,6662493.067375875,4387260.164675586,8925327.701911703
2014-09-20,5725576.323563241,3480079.912410034,8263069.183825556
2014-09-21,-363105.3431377113,-2488390.653216833,1874128.0673306803
2014-09-22,7855165.7147486955,5449436.580353679,10110570.192258468
2014-09-23,6986031.551921289,4811754.796997526,9355085.332684228
2014-09-24,6500372.570473749,4114622.3552080304,8745371.569858937
2014-09-25,6172179.5340750115,3903552.413386658,8553620.640985647
2014-09-26,6680177.500835644,4238034.391533139,8873528.030227508
2014-09-27,5725638.209354207,3471560.809909732,8024812.875016806
2014-09-28,-381468.59505513776,-2737570.551911759,1863013.0738116326
2014-09-29,7818176.450068913,5514596.824437102,10078548.069873055
2014-09-30,6930835.19789301,4644681.70774424,9122137.810591368
2014-10-01,6428007.50815752,4152428.5666094427,8708789.746383745
2014-10-02,6084284.467423501,3733832.15489866,8217112.5632179575
2014-10-03,6577977.318237074,4340193.4379797,9019468.665507836
2014-10-04,5611841.256868875,3350752.3209798583,7798759.443436609
2014-10-05,-503718.95393572375,-2715179.0090984213,1851150.3310499007
2014-10-06,7690964.420951613,5444959.872042845,10148708.825241683
2014-10-07,6802402.700744577,4461759.4433880625,9086441.466018157
2014-10-08,6302236.818116095,4069759.7443642546,8668823.18951728
2014-10-09,5965084.175104737,3786082.386014791,8336116.743060703
2014-10-10,6469164.588184726,4367275.636448957,8662509.339082543
2014-10-11,5517024.643685122,3160347.6163123036,7768548.481840472
2014-10-12,-581252.533315069,-2875206.8309216504,1841015.2594653622
2014-10-13,7633573.831317492,5354180.125300733,9920140.46162184
2014-10-14,6767493.866678704,4437773.526730427,9179143.774718082
2014-10-15,6291547.306574924,4292807.2051997045,8758867.295932086
2014-10-16,5979687.329001536,3610212.8960478525,8264786.194008565
2014-10-17,6509425.794938185,4160549.329795491,8955697.862674858
2014-10-18,5582578.676480843,3358998.51055124,7830288.94366411
2014-10-19,-491501.91864623595,-2842711.1497076196,1801045.202580549
2014-10-20,7745716.159592738,5372348.03265275,9988229.790313281
2014-10-21,6899559.473488858,4601585.393733203,9264310.040945515
2014-10-22,6440471.097277001,3945415.501823007,8755027.225182831
2014-10-23,6141894.819458072,3877956.0853068973,8438349.684373755
2014-10-24,6680938.615112812,4396535.247420532,8978108.581444416
2014-10-25,5759135.584550314,3452078.582034345,8072508.369896145
2014-10-26,-313313.40891163703,-2625345.630872309,2018579.7884158527
2014-10-27,7921117.684938431,5716345.607387306,10141069.589661721
2014-10-28,7067894.0651737545,4768691.495548482,9392036.297085008
2014-10-29,6597744.09960086,4374399.78280333,8942594.851040225
2014-10-30,6284539.41895693,3868649.34159727,8564988.501661845
2014-10-31,6805949.9124635225,4426757.754662675,9036084.20697181
2014-11-01,5864191.95863893,3491950.1696074717,8273799.241731983
2014-11-02,-230743.9638739545,-2643122.936634184,1944581.4814003552
2014-11-03,7980538.940246084,5603003.976136574,10361999.000420965
2014-11-04,7104439.337709484,4968559.352870619,9371091.437806973
2014-11-05,6612654.284938488,4331226.952700331,8867318.23702967
2014-11-06,6280031.64620019,4095275.9522102713,8643536.263435919
2014-11-07,6785196.332110951,4453769.907382483,9207515.306247093
2014-11-08,5831269.48127023,3619534.6750180833,8016905.293304788
2014-11-09,-270932.4569416754,-2625413.6305425223,2155215.100317657
2014-11-10,7938707.303517719,5768156.453068809,10198949.297366317
2014-11-11,7067176.3814273495,4781247.499106484,9333918.6102297
2014-11-12,6586607.572894794,4317912.436163244,8708560.020106431
2014-11-13,6272112.667289899,3856778.6913537323,8538696.948340094
2014-11-14,6802394.257694277,4438720.061090274,9117061.693145871
2014-11-15,5880455.167083729,3457380.463498278,8211711.631468459
2014-11-16,-183207.17124927882,-2498137.7112692734,2255805.455166661
2014-11-17,8071004.911539838,5906623.718823436,10336306.940836601
2014-11-18,7249365.82619854,4988574.487128646,9565976.563678948
2014-11-19,6823112.4546198435,4526359.177923421,9153661.820152467
2014-11-20,6566294.54210191,4325567.757236836,8937786.205742862
2014-11-21,7156407.94918978,4827132.994633623,9275927.675337013
2014-11-22,6295129.921517745,4067863.553244361,8571907.80040266
2014-11-23,291543.1261675954,-1922310.3798385633,2560607.224171377
2014-11-24,8603774.044176873,6154644.218787785,10863300.283909004
2014-11-25,7836909.39774264,5436043.51817002,10107337.53733452
2014-11-26,7460403.891329812,5099382.241595321,9817679.420869092
2014-11-27,7246882.169848977,5080318.933693404,9515074.546047278
2014-11-28,7872503.855458157,5507841.629965246,10353780.566580324
2014-11-29,7037734.061473981,4829512.845406005,9447235.632452073
2014-11-30,1050600.363850479,-1444964.8674723282,3363332.2734764908
2014-12-01,9368360.937650843,7156295.181154084,11744110.6771045
2014-12-02,8595141.88845059,6329188.987622207,10902510.12947377
2014-12-03,8200280.534190372,5742413.911788072,10432683.0657392
2014-12-04,7956228.552805092,5770346.766017324,10211634.738408659
2014-12-05,8539231.770931298,6229446.760905467,10860177.625831489
2014-12-06,7650104.4719565045,5429746.600191053,9847884.431622652
2014-12-07,1597483.8695802856,-926117.3911388926,3882823.397609963
2014-12-08,9839489.440859118,7642106.25426918,12168422.879449634
2014-12-09,8981345.297179043,6580251.108957023,11288856.739382625
2014-12-10,8493702.65545361,6297107.578620147,10643493.513267096
2014-12-11,8150516.783740732,5989138.334135031,10466685.260397408
2014-12-12,8629695.795542516,6371060.696099872,10894230.367974691
2014-12-13,7633839.896243053,5357918.737346865,9804334.039116675
2014-12-14,1473457.559841114,-804199.3537904703,3674116.1018036203
2014-12-15,9608584.248933453,7503577.418414386,11802632.796384348
2014-12-16,8646362.837356847,6353257.962294153,10921002.034557138
2014-12-17,8059323.816800781,5755587.572049916,10250946.650343427
2014-12-18,7623220.691143708,5467794.495781751,9925704.02860921
2014-12-19,8017638.947586731,5740645.586212127,10455920.22487725
2014-12-20,6946698.180416392,4682358.440612324,9353408.711067276
2014-12-21,722234.7513528243,-1553275.4885449864,2998594.0239153346
2014-12-22,8805391.41501104,6507055.7626181105,11067413.528334068
2014-12-23,7804173.77275545,5489391.081162285,9889784.448247526
2014-12-24,7191712.210691777,4872368.273681773,9551396.734119693
2014-12-25,6744087.531439808,4310021.551561182,8986699.390257329
2014-12-26,7140927.069786229,4755808.3479757,9414413.792616056
2014-12-27,6086114.73020948,3904256.1233482715,8362274.921046896
2014-12-28,-109021.4675307814,-2390900.096411368,2349520.16715487
2014-12-29,8015893.755296232,5763245.181752514,10233859.915368259
2014-12-30,7067858.798794445,4724776.172013307,9427484.395535689
2014-12-31,6518781.907535426,4163021.2861389834,8683663.340714896
2015-01-01,6143333.943529272,3807054.2674961844,8423307.464403804
2015-01-02,6619585.113806331,4404256.570688051,8974517.905474497
2015-01-03,5649744.489474861,3499233.615010709,7908383.511864761
2015-01-04,-456611.27409377135,-2665705.0251763263,1757198.145764282
2015-01-05,7759105.229425529,5539949.8038239395,10183629.553061336
2015-01-06,6902108.274137372,4470113.609121519,9208433.692278314
2015-01-07,6442565.224078445,4087088.0483920504,8781819.519928878
2015-01-08,6153487.093751276,3772130.4253225103,8587731.336469397
2015-01-09,6711400.450776151,4463597.394146075,9065275.34542896
2015-01-10,5817118.67404381,3618444.021500487,8123516.977372817
2015-01-11,-221001.7468376467,-2745812.19523416,2028254.7142160751
2015-01-12,8054604.765844159,5644355.206465893,10285528.548079869
2015-01-13,7248346.560382798,4821885.919439075,9687498.027221829
2015-01-14,6829812.962329128,4522286.326252141,9208922.547749283
2015-01-15,6571671.052218822,4208538.95284064,8856176.804353941
2015-01-16,7150337.98213482,4887383.62006201,9462166.05846154
2015-01-17,6266746.960534243,3994246.6941805407,8431909.119572578
2015-01-18,229592.84998836927,-1990028.5528663339,2502164.651066028
2015-01-19,8496982.41160801,6076008.893155997,10736924.843304925
2015-01-20,7674047.741695115,5389519.992247485,9923723.455618745
2015-01-21,7231260.34689683,4808965.348095558,9545387.056038633
2015-01-22,6942300.619762335,4488107.742101993,9090187.513016121
2015-01-23,7484700.466719015,5061094.929236951,9555084.776610106
2015-01-24,6560578.046977093,4300932.1516943,8932705.43439274
2015-01-25,479851.4197464371,-1743461.9618848772,2735529.828426033
2015-01-26,8701856.98492521,6335446.023745555,10738512.967630915
2015-01-27,7832932.090867424,5464551.34544502,10120362.270421261
2015-01-28,7344700.037354455,5170732.537791508,9665871.854371238
2015-01-29,7011912.951456438,4699644.543614607,9200507.504240545
2015-01-30,7513070.91949624,5226339.3456997555,9698955.726661442
2015-01-31,6551136.864235389,4157273.2501954446,8857360.997550579
2015-02-01,436734.38344221003,-1892308.4897957698,2733821.85422477
2015-02-02,8629754.730503898,6272001.21007085,11106596.484929176
2015-02-03,7736932.479865771,5625956.350328915,10101662.947446834
2015-02-04,7230128.143914982,4921468.951058136,9463271.818169745
2015-02-05,6884173.130529225,4456108.168812508,9163130.665581036
2015-02-06,7377495.212887186,5110141.922585993,9689648.82617364
2015-02-07,6412843.675740112,4126000.093071124,8689239.306171175
2015-02-08,300500.92669874243,-1790468.4105114194,2737124.5892781666
2015-02-09,8499906.23895304,6173350.849868585,10813294.61316246
2015-02-10,7617250.581987644,5253735.037562651,9954539.498048512
2015-02-11,7123780.169554037,4732066.444480255,9360586.620746145
2015-02-12,6793663.442768241,4402393.076833576,8967228.0005878
2015-02-13,7304638.977226939,4998861.867593228,9547084.036885628
2015-02-14,6358762.80207546,4099551.005862538,8605402.65157933
2015-02-15,265641.27181639057,-2027665.234869303,2410159.4110684637
2015-02-16,8484074.55414138,6176506.9976199865,10864396.652239257
2015-02-17,7619669.150342584,5403803.048025907,9964320.598455954
2015-02-18,7143156.614326915,4700536.509355306,9403882.473470446
2015-02-19,6828272.814279327,4573114.447687018,9037138.663419312
2015-02-20,7352414.949642515,5235499.859254674,9641203.101509005
2015-02-21,6417394.641169403,4039575.5249012727,8786708.73191163
2015-02-22,332673.1698691007,-1799350.05749215,2660346.6589512867
2015-02-23,8557003.971812114,6281779.884865539,10759209.789267091
2015-02-24,7696040.951691212,5341298.325905671,9918160.013011914
2015-02-25,7220650.02416401,4988330.823802962,9700235.728844475
2015-02-26,6904778.557248617,4736185.954964311,9235192.794738658
2015-02-27,7426100.336264258,5075523.577111665,9949659.252826693
2015-02-28,6486754.832283209,4308505.849354507,8792468.63348701
2015-03-01,396567.36359258275,-1990034.1135513366,2658320.871787701
2015-03-02,8614675.79746111,6289731.9480987275,10964530.693343788
2015-03-03,7747122.9070966765,5575074.91285141,10086026.188334273
2015-03-04,7265152.33802015,5119776.206514909,9411082.06747503
2015-03-05,6943063.37996773,4750002.951315146,9250362.309210874
2015-03-06,7458842.644657413,5222632.039558718,9703763.0614229
2015-03-07,6514891.8606727505,4245843.4029704975,8831494.31027644
2015-03-08,421238.7344040256,-1881089.104115895,2846625.6193137486
2015-03-09,8637156.80636895,6236463.935777179,11008942.08708943
2015-03-10,7768753.614010241,5343067.985713358,9994680.161355175
2015-03-11,7287265.220908618,4978350.846371697,9567312.429910686
2015-03-12,6966912.319876651,4800000.321494614,9203093.027132839
2015-03-13,7485535.929689452,5336701.863940267,9820564.980957124
2015-03-14,6545331.726596591,4196421.460578625,8733326.906517135
2015-03-15,456069.70612812694,-1817639.896939388,2741596.3839368946
2015-03-16,8676724.77842392,6536928.605203283,10860752.024023369
2015-03-17,7813077.217813906,5457705.745919143,10092489.866938567
2015-03-18,7336020.587675453,4960415.947937365,9609722.693203606
2015-03-19,7019431.873378738,4704410.987781071,9218903.059663061
2015-03-20,7540821.34920501,5205192.750977656,9682802.5523376
2015-03-21,6602080.722777999,4333559.656494206,8891534.177370809
2015-03-22,512715.7683217665,-1644720.2036477886,2600074.6598537043
2015-03-23,8731488.595045803,6434230.453781118,11018911.851618376
2015-03-24,7864028.05899895,5468116.15158522,10061198.958836325
2015-03-25,7381145.581985996,4951990.784123245,9762752.588626567
2015-03-26,7056710.822516689,4910409.979431324,9344285.369667834
2015-03-27,7568304.512119852,5166235.011248201,9976762.266362075
2015-03-28,6617966.874026352,4271320.117762554,8899689.15416744
2015-03-29,515427.79590357374,-1798109.404174332,2639021.9033614127
2015-03-30,8719743.95357949,6295070.485984876,11011032.937157957
2015-03-31,7836901.532977656,5555460.439307981,10238046.493640132
2015-04-01,7338122.036913609,4972438.673836046,9532321.2035656
2015-04-02,6997725.921444133,4621193.572845409,9152432.138246527
2015-04-03,7493771.743772712,5375099.5250684,9709426.319140656
2015-04-04,6528789.663009256,4196851.3172879955,8859608.260443168
2015-04-05,412995.93359683733,-1888356.7893162994,2650070.427920117
2015-04-06,8605914.08546565,6264633.254228519,10780823.396300875
2015-04-07,7713961.94773091,5290692.540172812,10061338.68394312
2015-04-08,7208742.510461518,4766307.6912151305,9502597.022234261
2015-04-09,6864893.857621414,4423327.745261318,9239033.244358484
2015-04-10,7360716.308310611,5039479.939221816,9671480.322405025
2015-04-11,6398896.013343939,3934174.454319914,8675016.906397868
2015-04-12,289711.9925971301,-2036955.464263957,2681632.196071449
2015-04-13,8492652.578764321,6266697.560002839,10696878.456731277
2015-04-14,7614000.615990672,5424915.177409864,9924740.559311358
2015-04-15,7125125.510532489,4786827.5920537785,9610689.810546406
2015-04-16,6800337.377889538,4377143.538033007,8984693.872415006
2015-04-17,7317521.34205742,5022067.033790334,9429362.269176481
2015-04-18,6378871.0620915955,4216584.081491696,8624545.52403647
2015-04-19,294108.21177624445,-2028060.06650076,2696448.216720858
2015-04-20,8522113.541276414,6227356.731252302,10693338.328399405
2015-04-21,7668528.461456684,5452545.592522108,10071943.460360419
2015-04-22,7204064.7831082735,4942108.589927433,9649699.444449266
2015-04-23,6902377.347176615,4610678.489452474,9072054.726446247
2015-04-24,7440717.063447109,5192007.244005236,9661776.203570232
2015-04-25,6520682.881879157,4235053.332608298,8884769.88849
2015-04-26,451458.87516894843,-1708180.8597879948,2668307.1239919476
2015-04-27,8691461.53317804,6319863.053704309,11076663.563298648
2015-04-28,7845955.717944408,5580658.579031302,10221857.506808272
2015-04-29,7385376.4695747355,5030451.772178925,9701248.659348642
2015-04-30,7083211.021419328,4888302.010949714,9358166.975368552
2015-05-01,7616658.2392684445,5423537.282043331,9992059.361470342
2015-05-02,6687383.791694707,4426441.811158206,8952907.328627458
2015-05-03,604757.1042536255,-1799503.8718460142,2828390.4507876076
2015-05-04,8827495.168460239,6612187.490783359,11072558.834510654
2015-05-05,7961271.7224009605,5552138.724426511,10306869.467879143
2015-05-06,7477029.156796631,5148577.9026786955,9764195.24422052
2015-05-07,7148847.760335711,4779043.401871702,9551802.267865924
2015-05-08,7654589.859569583,5325485.686960531,10017918.949572977
2015-05-09,6696637.575130939,4150352.498175024,8967784.592129176
2015-05-10,585110.7258909959,-1692969.810491319,2993634.457374163
2015-05-11,8779490.48034028,6575652.313502796,11073793.991995985
2015-05-12,7886207.834568361,5478510.575930658,10140306.248655576
2015-05-13,7376934.852057966,5232427.609300681,9722910.351328423
2015-05-14,7026433.861823492,4626951.166401726,9461132.340251915
2015-05-15,7513182.737800742,5174843.562301315,9790238.982861128
2015-05-16,6540095.516713767,4195222.725000839,8772024.489186099
2015-05-17,417725.3751105424,-1977140.7144780331,2745843.56364917
2015-05-18,8605875.991694279,6209418.842465891,10672141.81838146
2015-05-19,7711180.727658832,5411048.130627978,9817656.33321876
2015-05-20,7205387.829687366,4879427.301117718,9583525.362690143
2015-05-21,6863207.029276574,4721418.682085703,9293684.567021476
2015-05-22,7362935.741098871,5244332.938932853,9512727.905921033
2015-05-23,6407184.099057248,4196964.830804489,8697793.31173291
2015-05-24,306085.73141452484,-1912855.9353331323,2473322.1293084985
2015-05-25,8518920.087610435,6222894.294436394,10736409.077133747
2015-05-26,7651705.445971314,5462492.946674747,10137627.675275082
2015-05-27,7175500.422737601,4684500.423486036,9537668.203760099
2015-05-28,6864268.901991732,4838611.161133635,9379716.426298568
2015-05-29,7395526.079233045,5208614.2100331625,9673686.291923214
2015-05-30,6471084.3040961595,4262615.851303669,8841282.46969038
2015-05-31,400285.04588536173,-1818692.9301091137,2632401.051527898
2015-06-01,8641642.206035733,6371630.542244865,10848779.437643318
2015-06-02,7800455.326424785,5655320.385640103,10084537.973780308
2015-06-03,7347129.956950193,5100982.673082077,9656402.160326838
2015-06-04,7055059.585450436,4670453.791872232,9433018.69022868
2015-06-05,7601286.359617276,5504119.418775365,9674292.192215841
2015-06-06,6687258.891801334,4458942.023343657,9010897.444897207
2015-06-07,622073.1532484088,-1619435.7732643613,2807460.766129985
2015-06-08,8864121.452384138,6480236.529443289,11206205.031801173
2015-06-09,8018707.90986898,5795911.504680081,10302889.870127728
2015-06-10,7556367.654293907,5314972.7517387,9847591.628547655
2015-06-11,7250744.199109952,4889384.87382844,9502725.779896235
2015-06-12,7779242.383705581,5505715.444952796,10064052.175288765
2015-06-13,6843775.412429839,4672318.043949385,8973597.476517932
2015-06-14,753992.3235339634,-1653531.3918986279,3039860.500491756
2015-06-15,8968911.281979645,6788422.704470209,11257535.12218509
2015-06-16,8094517.566888652,5774894.315270592,10606749.4979629
2015-06-17,7602063.984858765,5191892.662652656,9808901.220677404
2015-06-18,7265928.707587781,4966684.052773448,9742098.17449552
2015-06-19,7764248.47214911,5318742.703096533,9998423.520973854
2015-06-20,6799646.232476023,4464919.791660906,9067511.175595662
2015-06-21,682440.1338043706,-1574240.910261771,2987848.237862299
2015-06-22,8872259.711692337,6650721.913887774,11280870.494413685
2015-06-23,7975628.649206195,5685071.751576298,10357810.972628916
2015-06-24,7464252.226764619,5281533.076969904,9589330.468678936
2015-06-25,7112864.797237126,4937729.1505436,9761764.723033288
2015-06-26,7599855.478969805,5296355.365688179,9944418.083753519
2015-06-27,6627991.324949375,4294412.809656503,8928650.644871479
2015-06-28,507624.9193428671,-1800355.3803746921,2856182.6668527247
2015-06-29,8698312.291380586,6507048.324937516,11047967.978074143
2015-06-30,7806400.379415188,5552255.403393762,10139406.996525455
2015-07-01,7303321.992297902,5130977.803117489,9480227.84960199
2015-07-02,6963453.334980538,4509438.6927115405,9270170.75429252
2015-07-03,7464751.953853241,5161307.081003352,9665737.983835233
2015-07-04,6509493.963906701,4218040.5253729895,8739384.825757602
2015-07-05,407497.06510525383,-1872422.8106493168,2558914.6838004207
2015-07-06,8617754.761026604,6393940.218372075,10970906.109698536
2015-07-07,7746040.515982878,5345141.342101001,9937062.068663651
2015-07-08,7263219.2986453185,5059524.2899122005,9532163.766284928
2015-07-09,6943121.089864642,4498361.935952844,9229604.125700448
2015-07-10,7463193.7479011845,5202309.514079879,9822790.37493622
2015-07-11,6525253.669394695,4206140.976748332,8907054.526038887
2015-07-12,438720.38221714925,-1824243.8218965458,2771739.798787104
2015-07-13,8662260.173737835,6528493.416864547,11045271.22283305
2015-07-14,7801397.252805348,5624758.144300428,10139358.017842432
2015-07-15,7326829.732501956,4924301.77978889,9523498.021201003
2015-07-16,7012304.93182259,4896484.280535104,9450866.083234314
2015-07-17,7535271.392878483,5373792.569777791,9935390.553963788
2015-07-18,6597626.137148293,4260752.800025516,8939655.18788829
2015-07-19,508943.459416152,-1707239.6692837372,2902697.0662127077
2015-07-20,8728110.598352663,6424176.653132847,11096220.89626866
2015-07-21,7860929.0808245335,5579670.533296698,10173981.489854418
2015-07-22,7378419.379395925,5117112.436352518,9668335.487725763
2015-07-23,7054683.776284118,4925880.23797086,9317514.294493927
2015-07-24,7567545.254102106,5312037.9257891495,9951072.373145055
2015-07-25,6619281.376501917,4311400.849965165,9021453.26131811
2015-07-26,519839.8983299909,-1989467.0426737948,3031101.6964146183
2015-07-27,8728461.872896269,6510746.262296459,10893525.84118438
2015-07-28,7851271.455767153,5691636.602425558,10203015.411547108
2015-07-29,7359570.408302732,4916855.825523438,9734942.093573235
2015-07-30,7027692.508615428,4739737.92355991,9264254.549250849
2015-07-31,7533635.944158835,5164372.441405289,9700352.091684578
2015-08-01,6579792.83653899,4357712.360144039,8890220.185138568
2015-08-02,476162.7529051835,-1685224.1351592734,2801343.5922880485
2015-08-03,8681976.009492483,6440723.678213973,10843008.217344971
2015-08-04,7803285.929300113,5554410.9411455635,10062839.14864341
2015-08-05,7311267.943903975,4897787.437511295,9628115.127452854
2015-08-06,6980080.563260955,4715219.607987739,9222648.168090178
2015-08-07,7487506.039835867,5082845.082377603,9751950.792944064
2015-08-08,6535689.573318075,4196747.271223658,8830921.441015255
2015-08-09,434363.5599173438,-1850510.848438373,2732193.9532273547
2015-08-10,8642482.308329461,6438018.281160014,10838091.090773413
2015-08-11,7765825.9779832885,5523262.591167645,10022190.084121995
2015-08-12,7275311.216094398,4849795.504559975,9369358.68377004
2015-08-13,6944863.109120511,4611156.881048595,9079141.053512758
2015-08-14,7452065.885880335,5222210.927383077,9747010.303874388
2015-08-15,6498910.860985527,4183741.9221324995,8866581.57232966
2015-08-16,395027.8096740497,-1866970.3365512756,2644885.316099652
2015-08-17,8599324.935948074,6321623.8463838445,10865621.30113547
2015-08-18,7717595.99375208,5469143.861772629,10053443.226064743
2015-08-19,7220831.910372186,4861838.619957674,9372437.173792023
2015-08-20,6883091.474985833,4542895.47198197,9169207.443485836
2015-08-21,7382148.552189757,5038386.486003203,9648594.753321575
2015-08-22,6420234.40881594,4190697.165392198,8688049.822679136
2015-08-23,307261.51594470814,-2050074.801369094,2635062.3056485867
2015-08-24,8502454.227864793,6092041.0955269085,11001832.235304445
2015-08-25,7611945.197156354,5240814.676096193,9736909.138341574
2015-08-26,7107075.225612104,4968714.704468985,9588581.851253737
2015-08-27,6762251.5037213005,4338195.896584601,8941703.009647453
2015-08-28,7255582.116458645,4942529.370038833,9566907.213300526
2015-08-29,6289605.834343462,3967880.9351690975,8587624.520542955
2015-08-30,174503.98314631637,-1872298.70921814,2404331.8886324624
2015-08-31,8369720.2105612205,6008939.895449401,10615031.248655537
2015-09-01,7481547.397599139,5241317.018616736,9904749.430751007
2015-09-02,6981419.762513438,4624244.086508454,9305244.66536326
2015-09-03,6643765.404448432,4420093.690099927,8835431.449820591
2015-09-04,7146637.39704781,4922691.887602119,9375993.692369912
2015-09-05,6192442.6109545585,3824090.772497113,8508252.42876497
2015-09-06,91155.14249048196,-2287332.700135262,2447004.232638475
2015-09-07,8301940.16829845,5970835.76188141,10667834.43564169
2015-09-08,7430747.394208696,5074010.00737489,9763092.582369301
2015-09-09,6948611.984651974,4699778.122276278,9241172.357174173
2015-09-10,6629517.982501308,4339828.395116139,9183334.103739206
2015-09-11,7151042.021006406,4787376.294268437,9200785.872616457
2015-09-12,6215096.138047105,3845585.3253342453,8598196.789869983
2015-09-13,131156.14882888645,-2263599.4653082117,2173845.5855493033
2015-09-14,8357900.939674541,6086509.672192066,10735319.190187817
2015-09-15,7500821.368210431,4992581.574574745,9745003.059869938
2015-09-16,7030536.165304142,4766762.20628647,9484979.756686464
2015-09-17,6720669.363067985,4396757.366676591,8943986.717336508
2015-09-18,7248506.587539906,5140352.02916838,9627417.140875781
2015-09-19,6315748.5984605225,3950974.452172612,8555025.425177287
2015-09-20,231748.15641443338,-1846356.1697727065,2572926.6148083955
2015-09-21,8455155.26586769,6162600.523658447,10767622.461153928
2015-09-22,7591529.240382088,5144418.399057688,9857440.501789786
2015-09-23,7111654.8281153925,4773746.274999406,9396902.840226373
2015-09-24,6789416.854261486,4624269.011193219,9254012.084708145
2015-09-25,7302450.742928627,4983693.403880125,9569672.629733944
2015-09-26,6352887.419229409,4067698.1873528943,8630519.949614218
2015-09-27,250578.88022487704,-2075973.4450728295,2368725.7403197545
2015-09-28,8454729.778683854,6370354.0008675605,10771514.334858684
2015-09-29,7571493.839461154,5219500.30682924,9758250.256101524
2015-09-30,7072272.788898729,4831194.417813609,9189801.354639368
2015-10-01,6731572.752106081,4527683.403254721,8846949.246704172
2015-10-02,7227636.020634105,5079799.257472109,9518262.842513895
2015-10-03,6263167.256920648,4088351.3071167073,8576331.899830008
2015-10-04,148540.99900782015,-2097026.911070867,2411195.080873361
2015-10-05,8343416.376459255,5943261.65204315,10552768.949677287
2015-10-06,7454318.397159766,5215448.653676656,9868171.301758453
2015-10-07,6952923.984487073,4537487.153770144,9113349.72493949
2015-10-08,6613908.158481254,4272498.682359012,8895718.446415512
2015-10-09,7115568.630901257,4902395.6259620525,9400495.68852595
2015-10-10,6160548.161350054,3800442.675483698,8468217.384599784
2015-10-11,59041.72482764535,-2116533.890924463,2283786.572529571
2015-10-12,8270414.484542113,5958976.16255316,10601237.060504373
2015-10-13,7400789.906848931,4960729.914225461,9755410.548145428
2015-10-14,6921346.065779725,4671130.976349005,9210231.791215222
2015-10-15,6606175.293394953,4428365.586199788,8923119.01258846
2015-10-16,7132925.106532491,4848942.036348719,9363291.59085057
2015-10-17,6203539.326414155,3955934.148785624,8425370.834557176
2015-10-18,127485.92752943933,-2009244.535467183,2413136.3355234554
2015-10-19,8363397.029155531,6079173.859185373,10697262.969741892
2015-10-20,7516679.733640154,5220520.962160117,9996643.257381234
2015-10-21,7057835.192048463,4771193.550295856,9340419.032925075
2015-10-22,6760340.3716218,4467225.79683874,9115705.543788703
2015-10-23,7301309.7790661,4888316.396816935,9548671.47749948
2015-10-24,6382255.403757281,4246642.762945867,8663136.256198145
2015-10-25,312330.8101790063,-1908443.5496151622,2772839.161954667
2015-10-26,8549984.248409132,6294772.079523432,10742520.828588516
2015-10-27,7700579.022699445,5440666.033619112,10129720.47011665
2015-10-28,7234718.129542007,4707524.406387415,9414878.212205349
2015-10-29,6926127.378860785,4765838.768177325,9226452.44340263
